time_point	celltype	feature.4	n_cells
D-1	ESC	102_MNX1	164
D-1	ESC	103_MNX1	218
D-1	ESC	107_TET1/2/3	195
D-1	ESC	108_MNX1	152
D-1	ESC	109_TET1/2/3	54
D-1	ESC	110_WT	183
D-1	ESC	111_WT	312
D-1	ESC	112_PDX1	161
D-1	ESC	114_PDX1het	320
D-1	ESC	115_PDX1	334
D-1	ESC	117_QSER1TET1	107
D-1	ESC	118_QSER1TET1	156
D-1	ESC	119_QSER1	121
D-1	ESC	120_QSER1	127
D-1	ESC	121_PROSER1	173
D-1	ESC	122_TET1	165
D-1	ESC	123_NANOGehet	97
D-1	ESC	124_NANOGehet	137
D-1	ESC	125_HHEXe	207
D-1	ESC	127_HHEXe	182
D-1	ESC	12_PAX6	160
D-1	ESC	12_PAX6-alt1	41
D-1	ESC	137_WT111	10
D-1	ESC	152_HNF4Ahet	120
D-1	ESC	153_HNF4A	141
D-1	ESC	15_NKX2-2	205
D-1	ESC	17_ARX	201
D-1	ESC	24_GATA6het	262
D-1	ESC	27_GATA4	141
D-1	ESC	30_FOXA2	198
D-1	ESC	31_FOXA2	174
D-1	ESC	33_FOXA1	220
D-1	ESC	37_RFX6	278
D-1	ESC	38_GLIS3	203
D-1	ESC	39_GLIS3	305
D-1	ESC	42_HHEX	149
D-1	ESC	43_HHEX	154
D-1	ESC	44_HHEX	118
D-1	ESC	45_HHEX	127
D-1	ESC	46_HHEXhet	130
D-1	ESC	47_WT	166
D-1	ESC	51_FOXA1	165
D-1	ESC	56_FOXA1	104
D-1	ESC	57_OTUD5	266
D-1	ESC	58_OTUD5	185
D-1	ESC	59_TADA2B	209
D-1	ESC	5_PDX1	241
D-1	ESC	63_BCOR	123
D-1	ESC	64_KDM2B	86
D-1	ESC	65_OTUD5	194
D-1	ESC	66_OTUD5	223
D-1	ESC	67_FOXA2	175
D-1	ESC	68_FOXA2	161
D-1	ESC	69_NGN3	107
D-1	ESC	70_NGN3	34
D-1	ESC	70_NGN3-alt1	83
D-1	ESC	71_GSC	245
D-1	ESC	72_GSC	131
D-1	ESC	73_BMPR1A	107
D-1	ESC	74_BMPR1A	128
D-1	ESC	75_TLE3	117
D-1	ESC	76_TLE3	110
D-1	ESC	77_ONECUT1e	257
D-1	ESC	78_ONECUT1e	213
D-1	ESC	79_ONECUT1e	184
D-1	ESC	80_GATA6het	134
D-1	ESC	81_GATA6het	144
D-1	ESC	82_GATA6	172
D-1	ESC	83_GATA6	139
D-1	ESC	84_GATA4het	169
D-1	ESC	85_GATA4het	170
D-1	ESC	86_GATA4	163
D-1	ESC	87_GATA4	165
D-1	ESC	88_NKX2-2	205
D-1	ESC	92_NEUROD1	135
D-1	ESC	93_NEUROD1	172
D-1	ESC	94_PAX6	147
D-1	ESC	95_NKX2-2	199
D-1	ESC	96_PBX1	115
D-1	ESC	97_PBX1	138
D-1	ESC	98_RFX6	169
D-1	ESC	99_RFX6	161
D-1	ESC_DE	137_WT111	1511
D-1	ESC_DE	147_WT4	584
D-1	DE	115_PDX1	1
D-1	DE	123_NANOGehet	1
D-1	DE	137_WT111	2
D-1	DE	152_HNF4Ahet	1
D-1	DE	24_GATA6het	1
D-1	DE	57_OTUD5	2
D-1	DE	58_OTUD5	2
D-1	DE	66_OTUD5	1
D-1	DE	79_ONECUT1e	1
D-1	DE	84_GATA4het	2
D-1	DE	86_GATA4	1
D-1	DE	87_GATA4	1
D-1	DE	99_RFX6	1
D-1	PFG	137_WT111	1
D-1	PP	137_WT111	4
D-1	EnP	137_WT111	5
D-1	EnP	147_WT4	1
D-1	SC-EC	137_WT111	6
D-1	SC-alpha	137_WT111	7
D-1	Ductal	137_WT111	3
D-1	Mesenchymal_Stromal	107_TET1/2/3	6
D-1	Mesenchymal_Stromal	108_MNX1	1
D-1	Mesenchymal_Stromal	109_TET1/2/3	1
D-1	Mesenchymal_Stromal	110_WT	1
D-1	Mesenchymal_Stromal	15_NKX2-2	1
D-1	Mesenchymal_Stromal	24_GATA6het	1
D-1	Mesenchymal_Stromal	27_GATA4	1
D-1	Mesenchymal_Stromal	45_HHEX	1
D-1	Mesenchymal_Stromal	59_TADA2B	3
D-1	Mesenchymal_Stromal	5_PDX1	1
D-1	Mesenchymal_Stromal	67_FOXA2	1
D-1	Mesenchymal_Stromal	84_GATA4het	1
D-1	Mesenchymal_Stromal	87_GATA4	1
D-1	Mesenchymal_Stromal	99_RFX6	1
D-1	Stromal	147_WT4	1
D-1	Liver	137_WT111	1
D3	ESC	102_MNX1	10
D3	ESC	103_MNX1	25
D3	ESC	107_TET1/2/3	2
D3	ESC	108_MNX1	52
D3	ESC	110_WT	27
D3	ESC	111_WT	2
D3	ESC	112_PDX1	8
D3	ESC	114_PDX1het	2
D3	ESC	115_PDX1	9
D3	ESC	117_QSER1TET1	7
D3	ESC	118_QSER1TET1	26
D3	ESC	119_QSER1	9
D3	ESC	120_QSER1	18
D3	ESC	121_PROSER1	24
D3	ESC	122_TET1	16
D3	ESC	123_NANOGehet	4
D3	ESC	124_NANOGehet	4
D3	ESC	125_HHEXe	13
D3	ESC	127_HHEXe	10
D3	ESC	12_PAX6	7
D3	ESC	12_PAX6-alt1	2
D3	ESC	146_WT4	1
D3	ESC	152_HNF4Ahet	13
D3	ESC	153_HNF4A	8
D3	ESC	15_NKX2-2	14
D3	ESC	17_ARX	31
D3	ESC	24_GATA6het	67
D3	ESC	27_GATA4	2
D3	ESC	30_FOXA2	54
D3	ESC	31_FOXA2	48
D3	ESC	33_FOXA1	30
D3	ESC	37_RFX6	8
D3	ESC	38_GLIS3	2
D3	ESC	39_GLIS3	5
D3	ESC	42_HHEX	3
D3	ESC	43_HHEX	10
D3	ESC	44_HHEX	7
D3	ESC	45_HHEX	11
D3	ESC	46_HHEXhet	4
D3	ESC	47_WT	19
D3	ESC	51_FOXA1	30
D3	ESC	56_FOXA1	8
D3	ESC	57_OTUD5	8
D3	ESC	58_OTUD5	7
D3	ESC	59_TADA2B	11
D3	ESC	5_PDX1	4
D3	ESC	63_BCOR	9
D3	ESC	64_KDM2B	6
D3	ESC	65_OTUD5	17
D3	ESC	66_OTUD5	5
D3	ESC	67_FOXA2	6
D3	ESC	68_FOXA2	10
D3	ESC	69_NGN3	7
D3	ESC	70_NGN3	1
D3	ESC	70_NGN3-alt1	7
D3	ESC	71_GSC	26
D3	ESC	72_GSC	16
D3	ESC	73_BMPR1A	11
D3	ESC	74_BMPR1A	16
D3	ESC	75_TLE3	12
D3	ESC	76_TLE3	10
D3	ESC	77_ONECUT1e	15
D3	ESC	78_ONECUT1e	9
D3	ESC	79_ONECUT1e	19
D3	ESC	80_GATA6het	19
D3	ESC	81_GATA6het	18
D3	ESC	82_GATA6	39
D3	ESC	83_GATA6	28
D3	ESC	84_GATA4het	15
D3	ESC	85_GATA4het	15
D3	ESC	86_GATA4	13
D3	ESC	87_GATA4	26
D3	ESC	88_NKX2-2	14
D3	ESC	92_NEUROD1	8
D3	ESC	93_NEUROD1	13
D3	ESC	94_PAX6	14
D3	ESC	95_NKX2-2	19
D3	ESC	96_PBX1	1
D3	ESC	97_PBX1	2
D3	ESC	98_RFX6	17
D3	ESC	99_RFX6	7
D3	ESC_DE	102_MNX1	33
D3	ESC_DE	103_MNX1	70
D3	ESC_DE	107_TET1/2/3	3
D3	ESC_DE	108_MNX1	77
D3	ESC_DE	110_WT	59
D3	ESC_DE	111_WT	2
D3	ESC_DE	112_PDX1	27
D3	ESC_DE	115_PDX1	6
D3	ESC_DE	117_QSER1TET1	17
D3	ESC_DE	118_QSER1TET1	32
D3	ESC_DE	119_QSER1	21
D3	ESC_DE	120_QSER1	33
D3	ESC_DE	121_PROSER1	47
D3	ESC_DE	122_TET1	40
D3	ESC_DE	123_NANOGehet	2
D3	ESC_DE	124_NANOGehet	2
D3	ESC_DE	125_HHEXe	35
D3	ESC_DE	127_HHEXe	33
D3	ESC_DE	128_WT111	1
D3	ESC_DE	12_PAX6	3
D3	ESC_DE	152_HNF4Ahet	24
D3	ESC_DE	153_HNF4A	25
D3	ESC_DE	15_NKX2-2	17
D3	ESC_DE	17_ARX	54
D3	ESC_DE	24_GATA6het	44
D3	ESC_DE	27_GATA4	1
D3	ESC_DE	30_FOXA2	58
D3	ESC_DE	31_FOXA2	48
D3	ESC_DE	33_FOXA1	92
D3	ESC_DE	37_RFX6	6
D3	ESC_DE	38_GLIS3	1
D3	ESC_DE	39_GLIS3	5
D3	ESC_DE	43_HHEX	6
D3	ESC_DE	44_HHEX	26
D3	ESC_DE	45_HHEX	26
D3	ESC_DE	46_HHEXhet	32
D3	ESC_DE	47_WT	82
D3	ESC_DE	51_FOXA1	90
D3	ESC_DE	56_FOXA1	26
D3	ESC_DE	57_OTUD5	1
D3	ESC_DE	59_TADA2B	3
D3	ESC_DE	5_PDX1	3
D3	ESC_DE	63_BCOR	8
D3	ESC_DE	64_KDM2B	4
D3	ESC_DE	65_OTUD5	48
D3	ESC_DE	66_OTUD5	8
D3	ESC_DE	67_FOXA2	22
D3	ESC_DE	68_FOXA2	18
D3	ESC_DE	69_NGN3	12
D3	ESC_DE	70_NGN3	11
D3	ESC_DE	70_NGN3-alt1	21
D3	ESC_DE	71_GSC	221
D3	ESC_DE	72_GSC	82
D3	ESC_DE	73_BMPR1A	13
D3	ESC_DE	74_BMPR1A	17
D3	ESC_DE	75_TLE3	47
D3	ESC_DE	76_TLE3	27
D3	ESC_DE	77_ONECUT1e	14
D3	ESC_DE	78_ONECUT1e	9
D3	ESC_DE	79_ONECUT1e	30
D3	ESC_DE	80_GATA6het	36
D3	ESC_DE	81_GATA6het	44
D3	ESC_DE	82_GATA6	103
D3	ESC_DE	83_GATA6	49
D3	ESC_DE	84_GATA4het	26
D3	ESC_DE	85_GATA4het	45
D3	ESC_DE	86_GATA4	28
D3	ESC_DE	87_GATA4	39
D3	ESC_DE	88_NKX2-2	31
D3	ESC_DE	92_NEUROD1	26
D3	ESC_DE	93_NEUROD1	30
D3	ESC_DE	94_PAX6	31
D3	ESC_DE	95_NKX2-2	43
D3	ESC_DE	97_PBX1	1
D3	ESC_DE	98_RFX6	36
D3	ESC_DE	99_RFX6	34
D3	DE	102_MNX1	136
D3	DE	103_MNX1	445
D3	DE	107_TET1/2/3	94
D3	DE	108_MNX1	317
D3	DE	109_TET1/2/3	18
D3	DE	110_WT	349
D3	DE	111_WT	153
D3	DE	112_PDX1	143
D3	DE	114_PDX1het	27
D3	DE	115_PDX1	342
D3	DE	117_QSER1TET1	145
D3	DE	118_QSER1TET1	251
D3	DE	119_QSER1	118
D3	DE	120_QSER1	178
D3	DE	121_PROSER1	413
D3	DE	122_TET1	329
D3	DE	123_NANOGehet	94
D3	DE	124_NANOGehet	99
D3	DE	125_HHEXe	201
D3	DE	127_HHEXe	151
D3	DE	128_WT111	404
D3	DE	12_PAX6	150
D3	DE	12_PAX6-alt1	60
D3	DE	146_WT4	1453
D3	DE	152_HNF4Ahet	104
D3	DE	153_HNF4A	161
D3	DE	15_NKX2-2	358
D3	DE	17_ARX	421
D3	DE	24_GATA6het	257
D3	DE	27_GATA4	22
D3	DE	30_FOXA2	246
D3	DE	31_FOXA2	339
D3	DE	33_FOXA1	455
D3	DE	37_RFX6	211
D3	DE	38_GLIS3	44
D3	DE	39_GLIS3	93
D3	DE	42_HHEX	9
D3	DE	43_HHEX	38
D3	DE	44_HHEX	67
D3	DE	45_HHEX	95
D3	DE	46_HHEXhet	103
D3	DE	47_WT	290
D3	DE	51_FOXA1	455
D3	DE	56_FOXA1	102
D3	DE	57_OTUD5	38
D3	DE	58_OTUD5	36
D3	DE	59_TADA2B	115
D3	DE	5_PDX1	79
D3	DE	63_BCOR	140
D3	DE	64_KDM2B	47
D3	DE	65_OTUD5	286
D3	DE	66_OTUD5	269
D3	DE	67_FOXA2	54
D3	DE	68_FOXA2	61
D3	DE	69_NGN3	92
D3	DE	70_NGN3	43
D3	DE	70_NGN3-alt1	93
D3	DE	71_GSC	150
D3	DE	72_GSC	66
D3	DE	73_BMPR1A	99
D3	DE	74_BMPR1A	108
D3	DE	75_TLE3	132
D3	DE	76_TLE3	128
D3	DE	77_ONECUT1e	70
D3	DE	78_ONECUT1e	54
D3	DE	79_ONECUT1e	157
D3	DE	80_GATA6het	97
D3	DE	81_GATA6het	136
D3	DE	82_GATA6	157
D3	DE	83_GATA6	108
D3	DE	84_GATA4het	157
D3	DE	85_GATA4het	218
D3	DE	86_GATA4	162
D3	DE	87_GATA4	202
D3	DE	88_NKX2-2	213
D3	DE	92_NEUROD1	188
D3	DE	93_NEUROD1	211
D3	DE	94_PAX6	140
D3	DE	95_NKX2-2	212
D3	DE	96_PBX1	35
D3	DE	97_PBX1	39
D3	DE	98_RFX6	201
D3	DE	99_RFX6	231
D3	PFG	103_MNX1	1
D3	PFG	115_PDX1	1
D3	PFG	24_GATA6het	1
D3	PFG	65_OTUD5	1
D3	PFG	93_NEUROD1	1
D3	EnP	117_QSER1TET1	1
D3	EnP	146_WT4	4
D3	SC-alpha	128_WT111	1
D3	SC-alpha	146_WT4	1
D3	SC-beta	146_WT4	2
D3	SC-delta	146_WT4	1
D3	Ductal	146_WT4	1
D3	Mesenchymal_Stromal	107_TET1/2/3	2
D3	Mesenchymal_Stromal	110_WT	3
D3	Mesenchymal_Stromal	121_PROSER1	1
D3	Mesenchymal_Stromal	12_PAX6	1
D3	Mesenchymal_Stromal	146_WT4	2
D3	Mesenchymal_Stromal	152_HNF4Ahet	1
D3	Mesenchymal_Stromal	15_NKX2-2	3
D3	Mesenchymal_Stromal	33_FOXA1	1
D3	Mesenchymal_Stromal	42_HHEX	1
D3	Mesenchymal_Stromal	45_HHEX	1
D3	Mesenchymal_Stromal	47_WT	1
D3	Mesenchymal_Stromal	51_FOXA1	2
D3	Mesenchymal_Stromal	59_TADA2B	2
D3	Mesenchymal_Stromal	5_PDX1	1
D3	Mesenchymal_Stromal	65_OTUD5	1
D3	Mesenchymal_Stromal	69_NGN3	1
D3	Mesenchymal_Stromal	71_GSC	2
D3	Mesenchymal_Stromal	74_BMPR1A	1
D3	Mesenchymal_Stromal	75_TLE3	1
D3	Mesenchymal_Stromal	77_ONECUT1e	1
D3	Mesenchymal_Stromal	82_GATA6	1
D3	Mesenchymal_Stromal	88_NKX2-2	2
D3	Mesenchymal_Stromal	92_NEUROD1	1
D3	Mesenchymal_Stromal	93_NEUROD1	1
D3	Mesenchymal_Stromal	94_PAX6	1
D3	Mesenchymal_Stromal	98_RFX6	2
D3	Mesenchymal_Stromal	99_RFX6	1
D3	Stromal	117_QSER1TET1	1
D3	Stromal	146_WT4	2
D3	Stromal	47_WT	2
D7	ESC	103_MNX1	4
D7	ESC	107_TET1/2/3	4
D7	ESC	108_MNX1	18
D7	ESC	110_WT	2
D7	ESC	112_PDX1	3
D7	ESC	114_PDX1het	2
D7	ESC	115_PDX1	3
D7	ESC	118_QSER1TET1	1
D7	ESC	119_QSER1	1
D7	ESC	121_PROSER1	1
D7	ESC	122_TET1	2
D7	ESC	123_NANOGehet	1
D7	ESC	127_HHEXe	1
D7	ESC	12_PAX6	4
D7	ESC	12_PAX6-alt1	3
D7	ESC	148_WT4	3
D7	ESC	153_HNF4A	2
D7	ESC	15_NKX2-2	14
D7	ESC	17_ARX	18
D7	ESC	24_GATA6het	1
D7	ESC	27_GATA4	1
D7	ESC	30_FOXA2	5
D7	ESC	31_FOXA2	10
D7	ESC	33_FOXA1	6
D7	ESC	37_RFX6	8
D7	ESC	39_GLIS3	1
D7	ESC	43_HHEX	3
D7	ESC	45_HHEX	2
D7	ESC	47_WT	3
D7	ESC	51_FOXA1	4
D7	ESC	56_FOXA1	4
D7	ESC	58_OTUD5	1
D7	ESC	59_TADA2B	11
D7	ESC	5_PDX1	4
D7	ESC	63_BCOR	2
D7	ESC	64_KDM2B	1
D7	ESC	65_OTUD5	2
D7	ESC	66_OTUD5	2
D7	ESC	69_NGN3	2
D7	ESC	70_NGN3-alt1	3
D7	ESC	71_GSC	2
D7	ESC	73_BMPR1A	3
D7	ESC	74_BMPR1A	1
D7	ESC	75_TLE3	2
D7	ESC	76_TLE3	1
D7	ESC	78_ONECUT1e	3
D7	ESC	81_GATA6het	2
D7	ESC	82_GATA6	2
D7	ESC	83_GATA6	4
D7	ESC	85_GATA4het	1
D7	ESC	86_GATA4	1
D7	ESC	88_NKX2-2	1
D7	ESC	92_NEUROD1	4
D7	ESC	93_NEUROD1	2
D7	ESC	94_PAX6	2
D7	ESC	95_NKX2-2	2
D7	ESC	96_PBX1	2
D7	ESC	97_PBX1	2
D7	ESC	98_RFX6	6
D7	ESC	99_RFX6	3
D7	ESC_DE	108_MNX1	1
D7	ESC_DE	115_PDX1	2
D7	ESC_DE	134_WT111	1
D7	ESC_DE	69_NGN3	1
D7	ESC_DE	73_BMPR1A	6
D7	ESC_DE	79_ONECUT1e	1
D7	ESC_DE	92_NEUROD1	1
D7	DE	102_MNX1	1
D7	DE	103_MNX1	7
D7	DE	107_TET1/2/3	4
D7	DE	108_MNX1	52
D7	DE	109_TET1/2/3	1
D7	DE	110_WT	7
D7	DE	111_WT	8
D7	DE	112_PDX1	2
D7	DE	115_PDX1	20
D7	DE	118_QSER1TET1	3
D7	DE	119_QSER1	1
D7	DE	120_QSER1	3
D7	DE	121_PROSER1	1
D7	DE	122_TET1	3
D7	DE	123_NANOGehet	2
D7	DE	124_NANOGehet	1
D7	DE	125_HHEXe	2
D7	DE	127_HHEXe	1
D7	DE	12_PAX6	18
D7	DE	12_PAX6-alt1	8
D7	DE	134_WT111	1
D7	DE	148_WT4	5
D7	DE	152_HNF4Ahet	5
D7	DE	153_HNF4A	1
D7	DE	15_NKX2-2	36
D7	DE	17_ARX	47
D7	DE	24_GATA6het	7
D7	DE	30_FOXA2	16
D7	DE	31_FOXA2	19
D7	DE	33_FOXA1	10
D7	DE	37_RFX6	35
D7	DE	38_GLIS3	1
D7	DE	39_GLIS3	2
D7	DE	43_HHEX	7
D7	DE	45_HHEX	4
D7	DE	46_HHEXhet	1
D7	DE	47_WT	6
D7	DE	51_FOXA1	10
D7	DE	56_FOXA1	2
D7	DE	57_OTUD5	3
D7	DE	58_OTUD5	1
D7	DE	59_TADA2B	35
D7	DE	5_PDX1	9
D7	DE	63_BCOR	8
D7	DE	64_KDM2B	1
D7	DE	65_OTUD5	4
D7	DE	66_OTUD5	5
D7	DE	67_FOXA2	1
D7	DE	68_FOXA2	2
D7	DE	69_NGN3	1
D7	DE	70_NGN3-alt1	4
D7	DE	71_GSC	2
D7	DE	73_BMPR1A	12
D7	DE	74_BMPR1A	4
D7	DE	75_TLE3	5
D7	DE	76_TLE3	3
D7	DE	77_ONECUT1e	11
D7	DE	78_ONECUT1e	9
D7	DE	79_ONECUT1e	3
D7	DE	80_GATA6het	3
D7	DE	81_GATA6het	3
D7	DE	82_GATA6	2
D7	DE	83_GATA6	1
D7	DE	84_GATA4het	1
D7	DE	85_GATA4het	3
D7	DE	86_GATA4	4
D7	DE	87_GATA4	9
D7	DE	88_NKX2-2	1
D7	DE	92_NEUROD1	5
D7	DE	93_NEUROD1	7
D7	DE	94_PAX6	2
D7	DE	95_NKX2-2	4
D7	DE	96_PBX1	4
D7	DE	97_PBX1	9
D7	DE	98_RFX6	14
D7	DE	99_RFX6	11
D7	PFG	102_MNX1	78
D7	PFG	103_MNX1	229
D7	PFG	107_TET1/2/3	39
D7	PFG	108_MNX1	217
D7	PFG	109_TET1/2/3	6
D7	PFG	110_WT	205
D7	PFG	111_WT	111
D7	PFG	112_PDX1	77
D7	PFG	114_PDX1het	6
D7	PFG	115_PDX1	143
D7	PFG	117_QSER1TET1	11
D7	PFG	118_QSER1TET1	31
D7	PFG	119_QSER1	16
D7	PFG	120_QSER1	51
D7	PFG	121_PROSER1	165
D7	PFG	122_TET1	151
D7	PFG	123_NANOGehet	40
D7	PFG	124_NANOGehet	24
D7	PFG	125_HHEXe	24
D7	PFG	127_HHEXe	15
D7	PFG	12_PAX6	103
D7	PFG	12_PAX6-alt1	38
D7	PFG	134_WT111	1006
D7	PFG	148_WT4	987
D7	PFG	152_HNF4Ahet	53
D7	PFG	153_HNF4A	72
D7	PFG	15_NKX2-2	330
D7	PFG	17_ARX	209
D7	PFG	24_GATA6het	21
D7	PFG	30_FOXA2	96
D7	PFG	31_FOXA2	89
D7	PFG	33_FOXA1	272
D7	PFG	37_RFX6	118
D7	PFG	38_GLIS3	11
D7	PFG	39_GLIS3	28
D7	PFG	42_HHEX	1
D7	PFG	43_HHEX	6
D7	PFG	44_HHEX	1
D7	PFG	45_HHEX	2
D7	PFG	46_HHEXhet	3
D7	PFG	47_WT	189
D7	PFG	51_FOXA1	237
D7	PFG	56_FOXA1	70
D7	PFG	57_OTUD5	6
D7	PFG	58_OTUD5	5
D7	PFG	59_TADA2B	41
D7	PFG	5_PDX1	29
D7	PFG	63_BCOR	61
D7	PFG	64_KDM2B	3
D7	PFG	65_OTUD5	149
D7	PFG	66_OTUD5	101
D7	PFG	67_FOXA2	4
D7	PFG	68_FOXA2	3
D7	PFG	69_NGN3	42
D7	PFG	70_NGN3	29
D7	PFG	70_NGN3-alt1	50
D7	PFG	71_GSC	31
D7	PFG	72_GSC	8
D7	PFG	73_BMPR1A	6
D7	PFG	74_BMPR1A	10
D7	PFG	75_TLE3	114
D7	PFG	76_TLE3	95
D7	PFG	77_ONECUT1e	38
D7	PFG	78_ONECUT1e	22
D7	PFG	79_ONECUT1e	121
D7	PFG	80_GATA6het	22
D7	PFG	81_GATA6het	40
D7	PFG	82_GATA6	10
D7	PFG	83_GATA6	8
D7	PFG	84_GATA4het	33
D7	PFG	85_GATA4het	56
D7	PFG	86_GATA4	18
D7	PFG	87_GATA4	12
D7	PFG	88_NKX2-2	89
D7	PFG	92_NEUROD1	85
D7	PFG	93_NEUROD1	98
D7	PFG	94_PAX6	91
D7	PFG	95_NKX2-2	122
D7	PFG	96_PBX1	17
D7	PFG	97_PBX1	20
D7	PFG	98_RFX6	122
D7	PFG	99_RFX6	128
D7	PGT	148_WT4	1
D7	PGT	70_NGN3	1
D7	PP	107_TET1/2/3	1
D7	PP	108_MNX1	1
D7	PP	110_WT	1
D7	PP	122_TET1	3
D7	PP	134_WT111	12
D7	PP	148_WT4	13
D7	PP	153_HNF4A	2
D7	PP	27_GATA4	1
D7	PP	30_FOXA2	1
D7	PP	47_WT	1
D7	PP	51_FOXA1	2
D7	PP	70_NGN3	1
D7	PP	80_GATA6het	1
D7	PP	81_GATA6het	1
D7	PP	88_NKX2-2	1
D7	PP	92_NEUROD1	1
D7	PP	93_NEUROD1	2
D7	PP	98_RFX6	1
D7	EnP	134_WT111	7
D7	EnP	148_WT4	1
D7	SC-EC	148_WT4	2
D7	SC-beta	134_WT111	1
D7	SC-beta	148_WT4	1
D7	Ductal	115_PDX1	1
D7	Ductal	120_QSER1	1
D7	Ductal	134_WT111	1
D7	Ductal	148_WT4	2
D7	Ductal	152_HNF4Ahet	2
D7	Ductal	15_NKX2-2	1
D7	Ductal	30_FOXA2	1
D7	Ductal	47_WT	1
D7	Ductal	63_BCOR	1
D7	Ductal	72_GSC	1
D7	Ductal	73_BMPR1A	3
D7	Ductal	74_BMPR1A	3
D7	Ductal	79_ONECUT1e	1
D7	Ductal	82_GATA6	1
D7	Ductal	84_GATA4het	3
D7	Ductal	85_GATA4het	4
D7	Ductal	86_GATA4	4
D7	Ductal	87_GATA4	4
D7	Ductal	88_NKX2-2	1
D7	Ductal	98_RFX6	1
D7	Mesenchymal_Stromal	102_MNX1	1
D7	Mesenchymal_Stromal	108_MNX1	4
D7	Mesenchymal_Stromal	117_QSER1TET1	1
D7	Mesenchymal_Stromal	122_TET1	1
D7	Mesenchymal_Stromal	125_HHEXe	2
D7	Mesenchymal_Stromal	12_PAX6	1
D7	Mesenchymal_Stromal	148_WT4	1
D7	Mesenchymal_Stromal	33_FOXA1	3
D7	Mesenchymal_Stromal	47_WT	1
D7	Mesenchymal_Stromal	67_FOXA2	1
D7	Mesenchymal_Stromal	75_TLE3	1
D7	Mesenchymal_Stromal	84_GATA4het	1
D7	Mesenchymal_Stromal	88_NKX2-2	1
D7	Mesenchymal_Stromal	98_RFX6	1
D7	Stromal	102_MNX1	3
D7	Stromal	103_MNX1	29
D7	Stromal	107_TET1/2/3	5
D7	Stromal	108_MNX1	164
D7	Stromal	109_TET1/2/3	1
D7	Stromal	110_WT	15
D7	Stromal	111_WT	4
D7	Stromal	112_PDX1	8
D7	Stromal	115_PDX1	7
D7	Stromal	117_QSER1TET1	3
D7	Stromal	118_QSER1TET1	4
D7	Stromal	119_QSER1	1
D7	Stromal	120_QSER1	8
D7	Stromal	121_PROSER1	17
D7	Stromal	122_TET1	16
D7	Stromal	123_NANOGehet	1
D7	Stromal	124_NANOGehet	1
D7	Stromal	125_HHEXe	16
D7	Stromal	127_HHEXe	15
D7	Stromal	12_PAX6	22
D7	Stromal	12_PAX6-alt1	9
D7	Stromal	134_WT111	3
D7	Stromal	148_WT4	1
D7	Stromal	152_HNF4Ahet	7
D7	Stromal	153_HNF4A	17
D7	Stromal	15_NKX2-2	79
D7	Stromal	17_ARX	74
D7	Stromal	24_GATA6het	3
D7	Stromal	30_FOXA2	22
D7	Stromal	31_FOXA2	63
D7	Stromal	33_FOXA1	35
D7	Stromal	37_RFX6	17
D7	Stromal	39_GLIS3	3
D7	Stromal	42_HHEX	9
D7	Stromal	43_HHEX	2
D7	Stromal	44_HHEX	3
D7	Stromal	45_HHEX	11
D7	Stromal	46_HHEXhet	4
D7	Stromal	47_WT	13
D7	Stromal	51_FOXA1	48
D7	Stromal	56_FOXA1	7
D7	Stromal	59_TADA2B	11
D7	Stromal	5_PDX1	1
D7	Stromal	63_BCOR	2
D7	Stromal	65_OTUD5	18
D7	Stromal	66_OTUD5	3
D7	Stromal	67_FOXA2	7
D7	Stromal	68_FOXA2	6
D7	Stromal	69_NGN3	4
D7	Stromal	70_NGN3	5
D7	Stromal	70_NGN3-alt1	9
D7	Stromal	71_GSC	69
D7	Stromal	72_GSC	21
D7	Stromal	74_BMPR1A	20
D7	Stromal	75_TLE3	23
D7	Stromal	76_TLE3	10
D7	Stromal	77_ONECUT1e	18
D7	Stromal	78_ONECUT1e	1
D7	Stromal	79_ONECUT1e	20
D7	Stromal	80_GATA6het	9
D7	Stromal	81_GATA6het	19
D7	Stromal	82_GATA6	22
D7	Stromal	83_GATA6	11
D7	Stromal	84_GATA4het	35
D7	Stromal	85_GATA4het	29
D7	Stromal	86_GATA4	12
D7	Stromal	87_GATA4	12
D7	Stromal	88_NKX2-2	10
D7	Stromal	92_NEUROD1	6
D7	Stromal	93_NEUROD1	11
D7	Stromal	94_PAX6	11
D7	Stromal	95_NKX2-2	22
D7	Stromal	96_PBX1	3
D7	Stromal	97_PBX1	11
D7	Stromal	98_RFX6	12
D7	Stromal	99_RFX6	8
D7	Endothelial	102_MNX1	2
D7	Endothelial	103_MNX1	8
D7	Endothelial	107_TET1/2/3	1
D7	Endothelial	108_MNX1	12
D7	Endothelial	110_WT	4
D7	Endothelial	111_WT	2
D7	Endothelial	115_PDX1	4
D7	Endothelial	117_QSER1TET1	6
D7	Endothelial	118_QSER1TET1	2
D7	Endothelial	120_QSER1	2
D7	Endothelial	121_PROSER1	4
D7	Endothelial	122_TET1	3
D7	Endothelial	125_HHEXe	3
D7	Endothelial	12_PAX6	3
D7	Endothelial	148_WT4	32
D7	Endothelial	152_HNF4Ahet	1
D7	Endothelial	153_HNF4A	1
D7	Endothelial	15_NKX2-2	3
D7	Endothelial	17_ARX	26
D7	Endothelial	24_GATA6het	14
D7	Endothelial	30_FOXA2	201
D7	Endothelial	31_FOXA2	96
D7	Endothelial	33_FOXA1	6
D7	Endothelial	37_RFX6	4
D7	Endothelial	39_GLIS3	1
D7	Endothelial	44_HHEX	1
D7	Endothelial	45_HHEX	2
D7	Endothelial	46_HHEXhet	2
D7	Endothelial	47_WT	3
D7	Endothelial	51_FOXA1	7
D7	Endothelial	56_FOXA1	2
D7	Endothelial	57_OTUD5	1
D7	Endothelial	59_TADA2B	1
D7	Endothelial	5_PDX1	2
D7	Endothelial	63_BCOR	2
D7	Endothelial	64_KDM2B	1
D7	Endothelial	65_OTUD5	2
D7	Endothelial	66_OTUD5	5
D7	Endothelial	67_FOXA2	5
D7	Endothelial	68_FOXA2	8
D7	Endothelial	69_NGN3	3
D7	Endothelial	70_NGN3-alt1	1
D7	Endothelial	71_GSC	10
D7	Endothelial	72_GSC	1
D7	Endothelial	75_TLE3	2
D7	Endothelial	76_TLE3	1
D7	Endothelial	79_ONECUT1e	2
D7	Endothelial	80_GATA6het	3
D7	Endothelial	81_GATA6het	2
D7	Endothelial	82_GATA6	163
D7	Endothelial	83_GATA6	119
D7	Endothelial	84_GATA4het	3
D7	Endothelial	85_GATA4het	2
D7	Endothelial	86_GATA4	1
D7	Endothelial	87_GATA4	2
D7	Endothelial	88_NKX2-2	1
D7	Endothelial	92_NEUROD1	1
D7	Endothelial	93_NEUROD1	1
D7	Endothelial	94_PAX6	2
D7	Endothelial	95_NKX2-2	2
D7	Endothelial	96_PBX1	1
D7	Endothelial	97_PBX1	2
D7	Endothelial	98_RFX6	3
D7	Endothelial	99_RFX6	2
D7	Liver	102_MNX1	62
D7	Liver	103_MNX1	165
D7	Liver	107_TET1/2/3	24
D7	Liver	108_MNX1	123
D7	Liver	109_TET1/2/3	4
D7	Liver	110_WT	167
D7	Liver	111_WT	69
D7	Liver	112_PDX1	63
D7	Liver	114_PDX1het	6
D7	Liver	115_PDX1	80
D7	Liver	117_QSER1TET1	20
D7	Liver	118_QSER1TET1	39
D7	Liver	119_QSER1	17
D7	Liver	120_QSER1	46
D7	Liver	121_PROSER1	139
D7	Liver	122_TET1	114
D7	Liver	123_NANOGehet	15
D7	Liver	124_NANOGehet	12
D7	Liver	125_HHEXe	90
D7	Liver	127_HHEXe	62
D7	Liver	12_PAX6	89
D7	Liver	12_PAX6-alt1	32
D7	Liver	134_WT111	395
D7	Liver	148_WT4	356
D7	Liver	152_HNF4Ahet	27
D7	Liver	153_HNF4A	25
D7	Liver	15_NKX2-2	162
D7	Liver	17_ARX	212
D7	Liver	24_GATA6het	19
D7	Liver	30_FOXA2	743
D7	Liver	31_FOXA2	524
D7	Liver	33_FOXA1	205
D7	Liver	37_RFX6	61
D7	Liver	38_GLIS3	3
D7	Liver	39_GLIS3	17
D7	Liver	42_HHEX	1
D7	Liver	43_HHEX	29
D7	Liver	44_HHEX	18
D7	Liver	45_HHEX	48
D7	Liver	46_HHEXhet	9
D7	Liver	47_WT	182
D7	Liver	51_FOXA1	186
D7	Liver	56_FOXA1	44
D7	Liver	57_OTUD5	26
D7	Liver	58_OTUD5	8
D7	Liver	59_TADA2B	47
D7	Liver	5_PDX1	37
D7	Liver	63_BCOR	94
D7	Liver	64_KDM2B	5
D7	Liver	65_OTUD5	79
D7	Liver	66_OTUD5	82
D7	Liver	67_FOXA2	50
D7	Liver	68_FOXA2	72
D7	Liver	69_NGN3	24
D7	Liver	70_NGN3	19
D7	Liver	70_NGN3-alt1	33
D7	Liver	71_GSC	36
D7	Liver	72_GSC	13
D7	Liver	73_BMPR1A	6
D7	Liver	74_BMPR1A	9
D7	Liver	75_TLE3	85
D7	Liver	76_TLE3	44
D7	Liver	77_ONECUT1e	47
D7	Liver	78_ONECUT1e	37
D7	Liver	79_ONECUT1e	82
D7	Liver	80_GATA6het	16
D7	Liver	81_GATA6het	47
D7	Liver	82_GATA6	13
D7	Liver	83_GATA6	13
D7	Liver	84_GATA4het	28
D7	Liver	85_GATA4het	38
D7	Liver	86_GATA4	10
D7	Liver	87_GATA4	15
D7	Liver	88_NKX2-2	69
D7	Liver	92_NEUROD1	69
D7	Liver	93_NEUROD1	91
D7	Liver	94_PAX6	61
D7	Liver	95_NKX2-2	97
D7	Liver	96_PBX1	13
D7	Liver	97_PBX1	28
D7	Liver	98_RFX6	110
D7	Liver	99_RFX6	85
D11	ESC	102_MNX1	3
D11	ESC	103_MNX1	3
D11	ESC	107_TET1/2/3	1
D11	ESC	108_MNX1	3
D11	ESC	110_WT	2
D11	ESC	111_WT	3
D11	ESC	112_PDX1	1
D11	ESC	115_PDX1	8
D11	ESC	122_TET1	2
D11	ESC	124_NANOGehet	1
D11	ESC	12_PAX6	5
D11	ESC	12_PAX6-alt1	1
D11	ESC	130_WT111	6
D11	ESC	151_WT4	9
D11	ESC	152_HNF4Ahet	1
D11	ESC	15_NKX2-2	11
D11	ESC	37_RFX6	1
D11	ESC	47_WT	3
D11	ESC	51_FOXA1	2
D11	ESC	59_TADA2B	15
D11	ESC	5_PDX1	1
D11	ESC	63_BCOR	2
D11	ESC	66_OTUD5	3
D11	ESC	69_NGN3	1
D11	ESC	73_BMPR1A	2
D11	ESC	75_TLE3	1
D11	ESC	79_ONECUT1e	2
D11	ESC	87_GATA4	2
D11	ESC	92_NEUROD1	1
D11	ESC	93_NEUROD1	1
D11	ESC	95_NKX2-2	1
D11	ESC	96_PBX1	2
D11	ESC	99_RFX6	2
D11	ESC_DE	68_FOXA2	1
D11	ESC_DE	73_BMPR1A	19
D11	DE	103_MNX1	2
D11	DE	108_MNX1	2
D11	DE	110_WT	1
D11	DE	111_WT	1
D11	DE	112_PDX1	1
D11	DE	115_PDX1	6
D11	DE	125_HHEXe	2
D11	DE	130_WT111	2
D11	DE	151_WT4	5
D11	DE	152_HNF4Ahet	1
D11	DE	15_NKX2-2	7
D11	DE	17_ARX	6
D11	DE	31_FOXA2	1
D11	DE	33_FOXA1	5
D11	DE	47_WT	1
D11	DE	51_FOXA1	1
D11	DE	56_FOXA1	1
D11	DE	59_TADA2B	6
D11	DE	5_PDX1	1
D11	DE	65_OTUD5	1
D11	DE	66_OTUD5	1
D11	DE	69_NGN3	2
D11	DE	73_BMPR1A	1
D11	DE	75_TLE3	1
D11	DE	77_ONECUT1e	1
D11	DE	78_ONECUT1e	1
D11	DE	80_GATA6het	2
D11	DE	86_GATA4	4
D11	DE	99_RFX6	1
D11	PFG	102_MNX1	7
D11	PFG	103_MNX1	31
D11	PFG	107_TET1/2/3	8
D11	PFG	108_MNX1	35
D11	PFG	110_WT	14
D11	PFG	111_WT	15
D11	PFG	112_PDX1	11
D11	PFG	115_PDX1	48
D11	PFG	117_QSER1TET1	1
D11	PFG	118_QSER1TET1	1
D11	PFG	119_QSER1	1
D11	PFG	120_QSER1	2
D11	PFG	121_PROSER1	4
D11	PFG	122_TET1	6
D11	PFG	123_NANOGehet	2
D11	PFG	124_NANOGehet	6
D11	PFG	12_PAX6	14
D11	PFG	12_PAX6-alt1	3
D11	PFG	130_WT111	26
D11	PFG	151_WT4	6
D11	PFG	152_HNF4Ahet	5
D11	PFG	153_HNF4A	6
D11	PFG	15_NKX2-2	65
D11	PFG	17_ARX	18
D11	PFG	30_FOXA2	2
D11	PFG	31_FOXA2	4
D11	PFG	33_FOXA1	10
D11	PFG	37_RFX6	6
D11	PFG	39_GLIS3	1
D11	PFG	47_WT	29
D11	PFG	51_FOXA1	5
D11	PFG	56_FOXA1	1
D11	PFG	59_TADA2B	55
D11	PFG	5_PDX1	5
D11	PFG	63_BCOR	7
D11	PFG	65_OTUD5	13
D11	PFG	66_OTUD5	7
D11	PFG	68_FOXA2	3
D11	PFG	69_NGN3	5
D11	PFG	70_NGN3	1
D11	PFG	70_NGN3-alt1	7
D11	PFG	72_GSC	1
D11	PFG	73_BMPR1A	1
D11	PFG	74_BMPR1A	3
D11	PFG	75_TLE3	14
D11	PFG	76_TLE3	4
D11	PFG	77_ONECUT1e	3
D11	PFG	78_ONECUT1e	1
D11	PFG	79_ONECUT1e	4
D11	PFG	81_GATA6het	4
D11	PFG	84_GATA4het	9
D11	PFG	85_GATA4het	10
D11	PFG	86_GATA4	6
D11	PFG	87_GATA4	3
D11	PFG	88_NKX2-2	9
D11	PFG	92_NEUROD1	5
D11	PFG	93_NEUROD1	9
D11	PFG	94_PAX6	9
D11	PFG	95_NKX2-2	3
D11	PFG	96_PBX1	5
D11	PFG	97_PBX1	5
D11	PFG	98_RFX6	5
D11	PFG	99_RFX6	11
D11	PP	102_MNX1	91
D11	PP	103_MNX1	334
D11	PP	107_TET1/2/3	63
D11	PP	108_MNX1	192
D11	PP	110_WT	280
D11	PP	111_WT	155
D11	PP	112_PDX1	81
D11	PP	114_PDX1het	4
D11	PP	115_PDX1	278
D11	PP	117_QSER1TET1	8
D11	PP	118_QSER1TET1	16
D11	PP	119_QSER1	14
D11	PP	120_QSER1	31
D11	PP	121_PROSER1	154
D11	PP	122_TET1	147
D11	PP	123_NANOGehet	42
D11	PP	124_NANOGehet	33
D11	PP	125_HHEXe	15
D11	PP	127_HHEXe	11
D11	PP	12_PAX6	115
D11	PP	12_PAX6-alt1	34
D11	PP	130_WT111	929
D11	PP	151_WT4	1115
D11	PP	152_HNF4Ahet	88
D11	PP	153_HNF4A	106
D11	PP	15_NKX2-2	480
D11	PP	17_ARX	149
D11	PP	24_GATA6het	20
D11	PP	30_FOXA2	7
D11	PP	31_FOXA2	35
D11	PP	33_FOXA1	189
D11	PP	37_RFX6	64
D11	PP	38_GLIS3	4
D11	PP	39_GLIS3	34
D11	PP	45_HHEX	1
D11	PP	47_WT	343
D11	PP	51_FOXA1	166
D11	PP	56_FOXA1	48
D11	PP	59_TADA2B	72
D11	PP	5_PDX1	46
D11	PP	63_BCOR	91
D11	PP	64_KDM2B	3
D11	PP	65_OTUD5	129
D11	PP	66_OTUD5	80
D11	PP	67_FOXA2	3
D11	PP	68_FOXA2	3
D11	PP	69_NGN3	48
D11	PP	70_NGN3	23
D11	PP	70_NGN3-alt1	62
D11	PP	71_GSC	26
D11	PP	72_GSC	7
D11	PP	73_BMPR1A	10
D11	PP	74_BMPR1A	19
D11	PP	75_TLE3	158
D11	PP	76_TLE3	62
D11	PP	77_ONECUT1e	23
D11	PP	78_ONECUT1e	4
D11	PP	79_ONECUT1e	103
D11	PP	80_GATA6het	33
D11	PP	81_GATA6het	52
D11	PP	82_GATA6	18
D11	PP	83_GATA6	9
D11	PP	84_GATA4het	56
D11	PP	85_GATA4het	92
D11	PP	86_GATA4	27
D11	PP	87_GATA4	26
D11	PP	88_NKX2-2	111
D11	PP	92_NEUROD1	121
D11	PP	93_NEUROD1	115
D11	PP	94_PAX6	86
D11	PP	95_NKX2-2	123
D11	PP	96_PBX1	24
D11	PP	97_PBX1	22
D11	PP	98_RFX6	66
D11	PP	99_RFX6	42
D11	EnP	102_MNX1	5
D11	EnP	103_MNX1	13
D11	EnP	107_TET1/2/3	7
D11	EnP	108_MNX1	38
D11	EnP	110_WT	8
D11	EnP	111_WT	22
D11	EnP	115_PDX1	3
D11	EnP	117_QSER1TET1	1
D11	EnP	118_QSER1TET1	1
D11	EnP	119_QSER1	1
D11	EnP	120_QSER1	3
D11	EnP	121_PROSER1	4
D11	EnP	122_TET1	4
D11	EnP	124_NANOGehet	4
D11	EnP	125_HHEXe	1
D11	EnP	12_PAX6	149
D11	EnP	12_PAX6-alt1	50
D11	EnP	130_WT111	238
D11	EnP	151_WT4	196
D11	EnP	152_HNF4Ahet	2
D11	EnP	153_HNF4A	2
D11	EnP	15_NKX2-2	205
D11	EnP	17_ARX	98
D11	EnP	30_FOXA2	3
D11	EnP	31_FOXA2	13
D11	EnP	33_FOXA1	43
D11	EnP	37_RFX6	16
D11	EnP	38_GLIS3	1
D11	EnP	39_GLIS3	2
D11	EnP	47_WT	11
D11	EnP	51_FOXA1	25
D11	EnP	56_FOXA1	11
D11	EnP	59_TADA2B	3
D11	EnP	5_PDX1	3
D11	EnP	63_BCOR	1
D11	EnP	65_OTUD5	3
D11	EnP	66_OTUD5	6
D11	EnP	70_NGN3	1
D11	EnP	75_TLE3	15
D11	EnP	76_TLE3	10
D11	EnP	78_ONECUT1e	1
D11	EnP	79_ONECUT1e	1
D11	EnP	82_GATA6	1
D11	EnP	85_GATA4het	1
D11	EnP	88_NKX2-2	3
D11	EnP	92_NEUROD1	6
D11	EnP	93_NEUROD1	5
D11	EnP	94_PAX6	3
D11	EnP	95_NKX2-2	4
D11	EnP	96_PBX1	20
D11	EnP	97_PBX1	14
D11	EnP	98_RFX6	7
D11	EnP	99_RFX6	10
D11	SC-EC	108_MNX1	1
D11	SC-EC	12_PAX6	3
D11	SC-EC	130_WT111	4
D11	SC-EC	151_WT4	2
D11	SC-EC	31_FOXA2	1
D11	SC-alpha	110_WT	1
D11	SC-alpha	111_WT	1
D11	SC-alpha	121_PROSER1	2
D11	SC-alpha	122_TET1	1
D11	SC-alpha	12_PAX6	1
D11	SC-alpha	130_WT111	7
D11	SC-alpha	151_WT4	1
D11	SC-alpha	15_NKX2-2	1
D11	SC-alpha	30_FOXA2	1
D11	SC-alpha	31_FOXA2	1
D11	SC-alpha	33_FOXA1	6
D11	SC-alpha	51_FOXA1	9
D11	SC-alpha	56_FOXA1	1
D11	SC-alpha	66_OTUD5	1
D11	SC-alpha	75_TLE3	9
D11	SC-alpha	76_TLE3	13
D11	SC-alpha	94_PAX6	1
D11	SC-alpha	97_PBX1	1
D11	SC-beta	130_WT111	1
D11	SC-beta	151_WT4	1
D11	SC-delta	130_WT111	4
D11	SC-delta	15_NKX2-2	6
D11	SC-delta	17_ARX	6
D11	SC-delta	31_FOXA2	2
D11	SC-delta	33_FOXA1	2
D11	SC-delta	66_OTUD5	1
D11	SC-delta	78_ONECUT1e	1
D11	SC-delta	88_NKX2-2	1
D11	SC-delta	96_PBX1	1
D11	SC-delta	97_PBX1	1
D11	Ductal	102_MNX1	5
D11	Ductal	103_MNX1	17
D11	Ductal	107_TET1/2/3	2
D11	Ductal	110_WT	8
D11	Ductal	111_WT	5
D11	Ductal	112_PDX1	1
D11	Ductal	115_PDX1	15
D11	Ductal	117_QSER1TET1	1
D11	Ductal	119_QSER1	2
D11	Ductal	120_QSER1	1
D11	Ductal	121_PROSER1	2
D11	Ductal	122_TET1	1
D11	Ductal	124_NANOGehet	2
D11	Ductal	125_HHEXe	4
D11	Ductal	127_HHEXe	2
D11	Ductal	12_PAX6	4
D11	Ductal	12_PAX6-alt1	2
D11	Ductal	130_WT111	3
D11	Ductal	151_WT4	3
D11	Ductal	153_HNF4A	3
D11	Ductal	15_NKX2-2	4
D11	Ductal	27_GATA4	1
D11	Ductal	31_FOXA2	2
D11	Ductal	33_FOXA1	3
D11	Ductal	37_RFX6	1
D11	Ductal	39_GLIS3	1
D11	Ductal	45_HHEX	3
D11	Ductal	46_HHEXhet	1
D11	Ductal	47_WT	8
D11	Ductal	51_FOXA1	3
D11	Ductal	56_FOXA1	1
D11	Ductal	59_TADA2B	3
D11	Ductal	63_BCOR	3
D11	Ductal	65_OTUD5	2
D11	Ductal	66_OTUD5	1
D11	Ductal	69_NGN3	1
D11	Ductal	70_NGN3-alt1	2
D11	Ductal	73_BMPR1A	3
D11	Ductal	74_BMPR1A	8
D11	Ductal	75_TLE3	5
D11	Ductal	76_TLE3	1
D11	Ductal	79_ONECUT1e	3
D11	Ductal	81_GATA6het	2
D11	Ductal	82_GATA6	2
D11	Ductal	84_GATA4het	5
D11	Ductal	85_GATA4het	8
D11	Ductal	86_GATA4	8
D11	Ductal	87_GATA4	9
D11	Ductal	88_NKX2-2	3
D11	Ductal	93_NEUROD1	1
D11	Ductal	94_PAX6	3
D11	Ductal	95_NKX2-2	1
D11	Ductal	96_PBX1	1
D11	Ductal	98_RFX6	2
D11	Ductal	99_RFX6	5
D11	Mesenchymal_Stromal	102_MNX1	4
D11	Mesenchymal_Stromal	103_MNX1	14
D11	Mesenchymal_Stromal	108_MNX1	4
D11	Mesenchymal_Stromal	110_WT	6
D11	Mesenchymal_Stromal	111_WT	5
D11	Mesenchymal_Stromal	114_PDX1het	1
D11	Mesenchymal_Stromal	120_QSER1	2
D11	Mesenchymal_Stromal	121_PROSER1	3
D11	Mesenchymal_Stromal	122_TET1	3
D11	Mesenchymal_Stromal	123_NANOGehet	1
D11	Mesenchymal_Stromal	12_PAX6	2
D11	Mesenchymal_Stromal	12_PAX6-alt1	1
D11	Mesenchymal_Stromal	130_WT111	16
D11	Mesenchymal_Stromal	151_WT4	79
D11	Mesenchymal_Stromal	152_HNF4Ahet	7
D11	Mesenchymal_Stromal	153_HNF4A	2
D11	Mesenchymal_Stromal	15_NKX2-2	13
D11	Mesenchymal_Stromal	17_ARX	1
D11	Mesenchymal_Stromal	27_GATA4	2
D11	Mesenchymal_Stromal	30_FOXA2	1
D11	Mesenchymal_Stromal	31_FOXA2	1
D11	Mesenchymal_Stromal	33_FOXA1	2
D11	Mesenchymal_Stromal	37_RFX6	3
D11	Mesenchymal_Stromal	39_GLIS3	3
D11	Mesenchymal_Stromal	47_WT	18
D11	Mesenchymal_Stromal	51_FOXA1	5
D11	Mesenchymal_Stromal	56_FOXA1	2
D11	Mesenchymal_Stromal	59_TADA2B	3
D11	Mesenchymal_Stromal	63_BCOR	4
D11	Mesenchymal_Stromal	65_OTUD5	2
D11	Mesenchymal_Stromal	66_OTUD5	1
D11	Mesenchymal_Stromal	69_NGN3	3
D11	Mesenchymal_Stromal	70_NGN3	1
D11	Mesenchymal_Stromal	70_NGN3-alt1	1
D11	Mesenchymal_Stromal	71_GSC	1
D11	Mesenchymal_Stromal	74_BMPR1A	1
D11	Mesenchymal_Stromal	75_TLE3	9
D11	Mesenchymal_Stromal	77_ONECUT1e	2
D11	Mesenchymal_Stromal	79_ONECUT1e	3
D11	Mesenchymal_Stromal	81_GATA6het	3
D11	Mesenchymal_Stromal	84_GATA4het	2
D11	Mesenchymal_Stromal	85_GATA4het	4
D11	Mesenchymal_Stromal	88_NKX2-2	3
D11	Mesenchymal_Stromal	92_NEUROD1	2
D11	Mesenchymal_Stromal	93_NEUROD1	9
D11	Mesenchymal_Stromal	95_NKX2-2	2
D11	Mesenchymal_Stromal	99_RFX6	1
D11	Stromal	102_MNX1	20
D11	Stromal	103_MNX1	18
D11	Stromal	108_MNX1	56
D11	Stromal	109_TET1/2/3	1
D11	Stromal	110_WT	17
D11	Stromal	112_PDX1	28
D11	Stromal	117_QSER1TET1	1
D11	Stromal	118_QSER1TET1	2
D11	Stromal	119_QSER1	4
D11	Stromal	120_QSER1	3
D11	Stromal	121_PROSER1	4
D11	Stromal	122_TET1	7
D11	Stromal	125_HHEXe	5
D11	Stromal	127_HHEXe	23
D11	Stromal	12_PAX6	14
D11	Stromal	130_WT111	3
D11	Stromal	152_HNF4Ahet	64
D11	Stromal	153_HNF4A	27
D11	Stromal	15_NKX2-2	22
D11	Stromal	17_ARX	55
D11	Stromal	24_GATA6het	2
D11	Stromal	30_FOXA2	19
D11	Stromal	31_FOXA2	22
D11	Stromal	33_FOXA1	13
D11	Stromal	39_GLIS3	1
D11	Stromal	42_HHEX	1
D11	Stromal	44_HHEX	4
D11	Stromal	45_HHEX	12
D11	Stromal	46_HHEXhet	2
D11	Stromal	47_WT	17
D11	Stromal	51_FOXA1	33
D11	Stromal	59_TADA2B	1
D11	Stromal	65_OTUD5	18
D11	Stromal	68_FOXA2	4
D11	Stromal	69_NGN3	2
D11	Stromal	70_NGN3	5
D11	Stromal	70_NGN3-alt1	2
D11	Stromal	71_GSC	93
D11	Stromal	72_GSC	14
D11	Stromal	73_BMPR1A	10
D11	Stromal	74_BMPR1A	8
D11	Stromal	75_TLE3	2
D11	Stromal	76_TLE3	31
D11	Stromal	77_ONECUT1e	12
D11	Stromal	79_ONECUT1e	3
D11	Stromal	80_GATA6het	67
D11	Stromal	81_GATA6het	10
D11	Stromal	82_GATA6	6
D11	Stromal	83_GATA6	10
D11	Stromal	84_GATA4het	9
D11	Stromal	85_GATA4het	18
D11	Stromal	86_GATA4	3
D11	Stromal	87_GATA4	5
D11	Stromal	92_NEUROD1	4
D11	Stromal	93_NEUROD1	36
D11	Stromal	94_PAX6	40
D11	Stromal	95_NKX2-2	14
D11	Stromal	98_RFX6	26
D11	Stromal	99_RFX6	8
D11	Endothelial	102_MNX1	1
D11	Endothelial	103_MNX1	5
D11	Endothelial	108_MNX1	1
D11	Endothelial	110_WT	2
D11	Endothelial	115_PDX1	3
D11	Endothelial	117_QSER1TET1	1
D11	Endothelial	118_QSER1TET1	1
D11	Endothelial	120_QSER1	1
D11	Endothelial	122_TET1	1
D11	Endothelial	125_HHEXe	1
D11	Endothelial	127_HHEXe	1
D11	Endothelial	12_PAX6-alt1	1
D11	Endothelial	130_WT111	1
D11	Endothelial	151_WT4	1
D11	Endothelial	152_HNF4Ahet	2
D11	Endothelial	153_HNF4A	1
D11	Endothelial	15_NKX2-2	1
D11	Endothelial	17_ARX	10
D11	Endothelial	24_GATA6het	4
D11	Endothelial	30_FOXA2	44
D11	Endothelial	31_FOXA2	28
D11	Endothelial	33_FOXA1	1
D11	Endothelial	37_RFX6	1
D11	Endothelial	44_HHEX	1
D11	Endothelial	45_HHEX	2
D11	Endothelial	51_FOXA1	1
D11	Endothelial	57_OTUD5	1
D11	Endothelial	63_BCOR	2
D11	Endothelial	66_OTUD5	1
D11	Endothelial	67_FOXA2	3
D11	Endothelial	68_FOXA2	3
D11	Endothelial	69_NGN3	3
D11	Endothelial	71_GSC	2
D11	Endothelial	72_GSC	2
D11	Endothelial	73_BMPR1A	1
D11	Endothelial	75_TLE3	1
D11	Endothelial	76_TLE3	1
D11	Endothelial	77_ONECUT1e	3
D11	Endothelial	81_GATA6het	2
D11	Endothelial	82_GATA6	54
D11	Endothelial	83_GATA6	53
D11	Endothelial	84_GATA4het	2
D11	Endothelial	85_GATA4het	1
D11	Endothelial	86_GATA4	1
D11	Endothelial	95_NKX2-2	1
D11	Liver	103_MNX1	5
D11	Liver	107_TET1/2/3	1
D11	Liver	108_MNX1	3
D11	Liver	110_WT	4
D11	Liver	111_WT	3
D11	Liver	112_PDX1	1
D11	Liver	115_PDX1	9
D11	Liver	117_QSER1TET1	1
D11	Liver	118_QSER1TET1	3
D11	Liver	119_QSER1	4
D11	Liver	120_QSER1	2
D11	Liver	121_PROSER1	4
D11	Liver	122_TET1	3
D11	Liver	123_NANOGehet	3
D11	Liver	124_NANOGehet	1
D11	Liver	125_HHEXe	1
D11	Liver	127_HHEXe	1
D11	Liver	12_PAX6	2
D11	Liver	12_PAX6-alt1	6
D11	Liver	130_WT111	33
D11	Liver	151_WT4	23
D11	Liver	152_HNF4Ahet	2
D11	Liver	153_HNF4A	1
D11	Liver	15_NKX2-2	14
D11	Liver	17_ARX	7
D11	Liver	24_GATA6het	3
D11	Liver	30_FOXA2	36
D11	Liver	31_FOXA2	28
D11	Liver	33_FOXA1	8
D11	Liver	43_HHEX	1
D11	Liver	45_HHEX	1
D11	Liver	47_WT	10
D11	Liver	51_FOXA1	2
D11	Liver	56_FOXA1	2
D11	Liver	59_TADA2B	13
D11	Liver	5_PDX1	3
D11	Liver	63_BCOR	8
D11	Liver	64_KDM2B	2
D11	Liver	65_OTUD5	1
D11	Liver	66_OTUD5	4
D11	Liver	67_FOXA2	3
D11	Liver	68_FOXA2	2
D11	Liver	70_NGN3-alt1	1
D11	Liver	73_BMPR1A	1
D11	Liver	75_TLE3	5
D11	Liver	76_TLE3	5
D11	Liver	77_ONECUT1e	2
D11	Liver	78_ONECUT1e	2
D11	Liver	80_GATA6het	2
D11	Liver	84_GATA4het	1
D11	Liver	85_GATA4het	4
D11	Liver	86_GATA4	5
D11	Liver	87_GATA4	2
D11	Liver	88_NKX2-2	1
D11	Liver	92_NEUROD1	2
D11	Liver	93_NEUROD1	4
D11	Liver	94_PAX6	4
D11	Liver	95_NKX2-2	2
D11	Liver	96_PBX1	2
D11	Liver	98_RFX6	1
D11	Liver	99_RFX6	2
D18	ESC	108_MNX1	3
D18	ESC	109_TET1/2/3	1
D18	ESC	110_WT	3
D18	ESC	112_PDX1	1
D18	ESC	115_PDX1	5
D18	ESC	121_PROSER1	2
D18	ESC	122_TET1	1
D18	ESC	123_NANOGehet	1
D18	ESC	131_WT111	10
D18	ESC	144_WT4	23
D18	ESC	153_HNF4A	1
D18	ESC	30_FOXA2	1
D18	ESC	47_WT	1
D18	ESC	5_PDX1	2
D18	ESC	69_NGN3	1
D18	ESC	70_NGN3	1
D18	ESC	70_NGN3-alt1	2
D18	ESC	73_BMPR1A	1
D18	ESC	82_GATA6	1
D18	ESC	84_GATA4het	1
D18	DE	108_MNX1	9
D18	DE	109_TET1/2/3	1
D18	DE	110_WT	4
D18	DE	115_PDX1	6
D18	DE	118_QSER1TET1	1
D18	DE	119_QSER1	3
D18	DE	121_PROSER1	14
D18	DE	131_WT111	8
D18	DE	144_WT4	29
D18	DE	153_HNF4A	1
D18	DE	15_NKX2-2	1
D18	DE	37_RFX6	1
D18	DE	39_GLIS3	1
D18	DE	47_WT	1
D18	DE	51_FOXA1	1
D18	DE	5_PDX1	2
D18	DE	63_BCOR	4
D18	DE	65_OTUD5	1
D18	DE	69_NGN3	2
D18	DE	73_BMPR1A	1
D18	DE	75_TLE3	1
D18	DE	76_TLE3	3
D18	DE	83_GATA6	1
D18	DE	86_GATA4	1
D18	DE	88_NKX2-2	1
D18	DE	98_RFX6	2
D18	PFG	103_MNX1	1
D18	PFG	107_TET1/2/3	1
D18	PFG	108_MNX1	2
D18	PFG	110_WT	4
D18	PFG	111_WT	1
D18	PFG	115_PDX1	23
D18	PFG	121_PROSER1	1
D18	PFG	131_WT111	4
D18	PFG	144_WT4	6
D18	PFG	152_HNF4Ahet	1
D18	PFG	153_HNF4A	2
D18	PFG	15_NKX2-2	1
D18	PFG	33_FOXA1	1
D18	PFG	37_RFX6	1
D18	PFG	56_FOXA1	1
D18	PFG	59_TADA2B	1
D18	PFG	5_PDX1	10
D18	PFG	69_NGN3	3
D18	PFG	70_NGN3	1
D18	PFG	70_NGN3-alt1	1
D18	PFG	75_TLE3	2
D18	PFG	76_TLE3	1
D18	PFG	79_ONECUT1e	1
D18	PFG	88_NKX2-2	1
D18	PFG	93_NEUROD1	1
D18	PFG	96_PBX1	1
D18	PFG	98_RFX6	2
D18	PGT	144_WT4	1
D18	PP	103_MNX1	2
D18	PP	107_TET1/2/3	3
D18	PP	108_MNX1	14
D18	PP	110_WT	8
D18	PP	111_WT	1
D18	PP	112_PDX1	4
D18	PP	115_PDX1	43
D18	PP	119_QSER1	4
D18	PP	120_QSER1	9
D18	PP	121_PROSER1	64
D18	PP	122_TET1	1
D18	PP	123_NANOGehet	1
D18	PP	127_HHEXe	1
D18	PP	12_PAX6	1
D18	PP	12_PAX6-alt1	1
D18	PP	131_WT111	34
D18	PP	144_WT4	160
D18	PP	153_HNF4A	2
D18	PP	15_NKX2-2	6
D18	PP	17_ARX	12
D18	PP	27_GATA4	1
D18	PP	37_RFX6	2
D18	PP	47_WT	16
D18	PP	51_FOXA1	6
D18	PP	56_FOXA1	2
D18	PP	59_TADA2B	2
D18	PP	5_PDX1	33
D18	PP	63_BCOR	18
D18	PP	65_OTUD5	4
D18	PP	66_OTUD5	1
D18	PP	69_NGN3	5
D18	PP	70_NGN3	2
D18	PP	70_NGN3-alt1	6
D18	PP	72_GSC	1
D18	PP	75_TLE3	2
D18	PP	76_TLE3	1
D18	PP	77_ONECUT1e	2
D18	PP	81_GATA6het	1
D18	PP	88_NKX2-2	2
D18	PP	92_NEUROD1	2
D18	PP	93_NEUROD1	7
D18	PP	94_PAX6	2
D18	PP	95_NKX2-2	3
D18	PP	96_PBX1	8
D18	PP	97_PBX1	9
D18	PP	98_RFX6	1
D18	PP	99_RFX6	2
D18	EnP	102_MNX1	41
D18	EnP	103_MNX1	200
D18	EnP	107_TET1/2/3	7
D18	EnP	108_MNX1	231
D18	EnP	109_TET1/2/3	2
D18	EnP	110_WT	95
D18	EnP	111_WT	71
D18	EnP	112_PDX1	57
D18	EnP	114_PDX1het	2
D18	EnP	115_PDX1	157
D18	EnP	117_QSER1TET1	3
D18	EnP	118_QSER1TET1	12
D18	EnP	119_QSER1	4
D18	EnP	120_QSER1	12
D18	EnP	121_PROSER1	63
D18	EnP	122_TET1	15
D18	EnP	123_NANOGehet	10
D18	EnP	124_NANOGehet	10
D18	EnP	125_HHEXe	4
D18	EnP	127_HHEXe	3
D18	EnP	12_PAX6	205
D18	EnP	12_PAX6-alt1	73
D18	EnP	131_WT111	1388
D18	EnP	144_WT4	427
D18	EnP	152_HNF4Ahet	9
D18	EnP	153_HNF4A	15
D18	EnP	15_NKX2-2	55
D18	EnP	17_ARX	87
D18	EnP	24_GATA6het	2
D18	EnP	30_FOXA2	7
D18	EnP	31_FOXA2	6
D18	EnP	33_FOXA1	31
D18	EnP	37_RFX6	41
D18	EnP	39_GLIS3	8
D18	EnP	47_WT	203
D18	EnP	51_FOXA1	27
D18	EnP	56_FOXA1	5
D18	EnP	59_TADA2B	68
D18	EnP	5_PDX1	71
D18	EnP	63_BCOR	25
D18	EnP	65_OTUD5	25
D18	EnP	66_OTUD5	3
D18	EnP	69_NGN3	2
D18	EnP	70_NGN3-alt1	1
D18	EnP	71_GSC	7
D18	EnP	72_GSC	1
D18	EnP	73_BMPR1A	2
D18	EnP	74_BMPR1A	2
D18	EnP	75_TLE3	182
D18	EnP	76_TLE3	34
D18	EnP	77_ONECUT1e	12
D18	EnP	78_ONECUT1e	5
D18	EnP	79_ONECUT1e	18
D18	EnP	80_GATA6het	9
D18	EnP	81_GATA6het	16
D18	EnP	82_GATA6	1
D18	EnP	84_GATA4het	10
D18	EnP	85_GATA4het	14
D18	EnP	86_GATA4	2
D18	EnP	87_GATA4	5
D18	EnP	88_NKX2-2	28
D18	EnP	92_NEUROD1	30
D18	EnP	93_NEUROD1	36
D18	EnP	94_PAX6	38
D18	EnP	95_NKX2-2	17
D18	EnP	96_PBX1	18
D18	EnP	97_PBX1	17
D18	EnP	98_RFX6	27
D18	EnP	99_RFX6	14
D18	SC-EC	102_MNX1	28
D18	SC-EC	103_MNX1	133
D18	SC-EC	107_TET1/2/3	9
D18	SC-EC	108_MNX1	77
D18	SC-EC	110_WT	189
D18	SC-EC	111_WT	184
D18	SC-EC	112_PDX1	558
D18	SC-EC	114_PDX1het	4
D18	SC-EC	115_PDX1	573
D18	SC-EC	117_QSER1TET1	6
D18	SC-EC	118_QSER1TET1	14
D18	SC-EC	119_QSER1	8
D18	SC-EC	120_QSER1	36
D18	SC-EC	121_PROSER1	121
D18	SC-EC	122_TET1	50
D18	SC-EC	123_NANOGehet	22
D18	SC-EC	124_NANOGehet	14
D18	SC-EC	125_HHEXe	3
D18	SC-EC	127_HHEXe	6
D18	SC-EC	12_PAX6	282
D18	SC-EC	12_PAX6-alt1	103
D18	SC-EC	131_WT111	1074
D18	SC-EC	144_WT4	1766
D18	SC-EC	152_HNF4Ahet	26
D18	SC-EC	153_HNF4A	26
D18	SC-EC	15_NKX2-2	14
D18	SC-EC	17_ARX	70
D18	SC-EC	24_GATA6het	13
D18	SC-EC	30_FOXA2	9
D18	SC-EC	33_FOXA1	119
D18	SC-EC	37_RFX6	3
D18	SC-EC	38_GLIS3	1
D18	SC-EC	39_GLIS3	12
D18	SC-EC	47_WT	332
D18	SC-EC	51_FOXA1	76
D18	SC-EC	56_FOXA1	21
D18	SC-EC	57_OTUD5	1
D18	SC-EC	59_TADA2B	92
D18	SC-EC	5_PDX1	290
D18	SC-EC	63_BCOR	72
D18	SC-EC	65_OTUD5	73
D18	SC-EC	66_OTUD5	5
D18	SC-EC	70_NGN3	1
D18	SC-EC	71_GSC	17
D18	SC-EC	72_GSC	7
D18	SC-EC	74_BMPR1A	1
D18	SC-EC	75_TLE3	106
D18	SC-EC	76_TLE3	47
D18	SC-EC	77_ONECUT1e	6
D18	SC-EC	78_ONECUT1e	6
D18	SC-EC	79_ONECUT1e	31
D18	SC-EC	80_GATA6het	10
D18	SC-EC	81_GATA6het	28
D18	SC-EC	82_GATA6	1
D18	SC-EC	84_GATA4het	4
D18	SC-EC	85_GATA4het	5
D18	SC-EC	86_GATA4	2
D18	SC-EC	92_NEUROD1	25
D18	SC-EC	93_NEUROD1	25
D18	SC-EC	94_PAX6	53
D18	SC-EC	95_NKX2-2	4
D18	SC-EC	96_PBX1	79
D18	SC-EC	97_PBX1	69
D18	SC-EC	98_RFX6	21
D18	SC-EC	99_RFX6	30
D18	SC-alpha	102_MNX1	54
D18	SC-alpha	103_MNX1	179
D18	SC-alpha	107_TET1/2/3	59
D18	SC-alpha	108_MNX1	49
D18	SC-alpha	109_TET1/2/3	6
D18	SC-alpha	110_WT	187
D18	SC-alpha	111_WT	56
D18	SC-alpha	112_PDX1	120
D18	SC-alpha	115_PDX1	127
D18	SC-alpha	117_QSER1TET1	15
D18	SC-alpha	118_QSER1TET1	24
D18	SC-alpha	119_QSER1	11
D18	SC-alpha	120_QSER1	22
D18	SC-alpha	121_PROSER1	86
D18	SC-alpha	122_TET1	58
D18	SC-alpha	123_NANOGehet	26
D18	SC-alpha	124_NANOGehet	12
D18	SC-alpha	125_HHEXe	7
D18	SC-alpha	127_HHEXe	4
D18	SC-alpha	12_PAX6	25
D18	SC-alpha	12_PAX6-alt1	6
D18	SC-alpha	131_WT111	1177
D18	SC-alpha	144_WT4	213
D18	SC-alpha	152_HNF4Ahet	27
D18	SC-alpha	153_HNF4A	45
D18	SC-alpha	15_NKX2-2	93
D18	SC-alpha	17_ARX	3
D18	SC-alpha	24_GATA6het	10
D18	SC-alpha	30_FOXA2	12
D18	SC-alpha	31_FOXA2	7
D18	SC-alpha	33_FOXA1	94
D18	SC-alpha	46_HHEXhet	1
D18	SC-alpha	47_WT	385
D18	SC-alpha	51_FOXA1	84
D18	SC-alpha	56_FOXA1	29
D18	SC-alpha	57_OTUD5	1
D18	SC-alpha	58_OTUD5	1
D18	SC-alpha	59_TADA2B	172
D18	SC-alpha	5_PDX1	26
D18	SC-alpha	63_BCOR	85
D18	SC-alpha	65_OTUD5	48
D18	SC-alpha	66_OTUD5	17
D18	SC-alpha	70_NGN3	1
D18	SC-alpha	71_GSC	23
D18	SC-alpha	72_GSC	7
D18	SC-alpha	73_BMPR1A	1
D18	SC-alpha	74_BMPR1A	9
D18	SC-alpha	75_TLE3	428
D18	SC-alpha	76_TLE3	95
D18	SC-alpha	77_ONECUT1e	13
D18	SC-alpha	78_ONECUT1e	7
D18	SC-alpha	79_ONECUT1e	41
D18	SC-alpha	80_GATA6het	6
D18	SC-alpha	81_GATA6het	20
D18	SC-alpha	84_GATA4het	27
D18	SC-alpha	85_GATA4het	35
D18	SC-alpha	86_GATA4	6
D18	SC-alpha	87_GATA4	27
D18	SC-alpha	88_NKX2-2	54
D18	SC-alpha	92_NEUROD1	61
D18	SC-alpha	93_NEUROD1	87
D18	SC-alpha	94_PAX6	6
D18	SC-alpha	95_NKX2-2	54
D18	SC-alpha	96_PBX1	22
D18	SC-alpha	97_PBX1	22
D18	SC-alpha	98_RFX6	4
D18	SC-alpha	99_RFX6	3
D18	SC-beta	103_MNX1	4
D18	SC-beta	107_TET1/2/3	44
D18	SC-beta	108_MNX1	1
D18	SC-beta	110_WT	213
D18	SC-beta	111_WT	81
D18	SC-beta	112_PDX1	11
D18	SC-beta	114_PDX1het	1
D18	SC-beta	115_PDX1	8
D18	SC-beta	117_QSER1TET1	1
D18	SC-beta	118_QSER1TET1	2
D18	SC-beta	119_QSER1	9
D18	SC-beta	120_QSER1	24
D18	SC-beta	121_PROSER1	59
D18	SC-beta	122_TET1	43
D18	SC-beta	123_NANOGehet	23
D18	SC-beta	124_NANOGehet	12
D18	SC-beta	125_HHEXe	4
D18	SC-beta	127_HHEXe	5
D18	SC-beta	12_PAX6	2
D18	SC-beta	131_WT111	2099
D18	SC-beta	144_WT4	663
D18	SC-beta	152_HNF4Ahet	61
D18	SC-beta	153_HNF4A	64
D18	SC-beta	15_NKX2-2	1
D18	SC-beta	17_ARX	75
D18	SC-beta	24_GATA6het	23
D18	SC-beta	30_FOXA2	10
D18	SC-beta	31_FOXA2	3
D18	SC-beta	33_FOXA1	223
D18	SC-beta	39_GLIS3	1
D18	SC-beta	47_WT	335
D18	SC-beta	51_FOXA1	154
D18	SC-beta	56_FOXA1	40
D18	SC-beta	57_OTUD5	1
D18	SC-beta	59_TADA2B	7
D18	SC-beta	5_PDX1	3
D18	SC-beta	63_BCOR	142
D18	SC-beta	64_KDM2B	1
D18	SC-beta	65_OTUD5	80
D18	SC-beta	66_OTUD5	16
D18	SC-beta	71_GSC	20
D18	SC-beta	72_GSC	11
D18	SC-beta	75_TLE3	136
D18	SC-beta	76_TLE3	37
D18	SC-beta	77_ONECUT1e	21
D18	SC-beta	78_ONECUT1e	20
D18	SC-beta	79_ONECUT1e	52
D18	SC-beta	80_GATA6het	14
D18	SC-beta	81_GATA6het	21
D18	SC-beta	82_GATA6	1
D18	SC-beta	83_GATA6	1
D18	SC-beta	84_GATA4het	6
D18	SC-beta	85_GATA4het	12
D18	SC-beta	87_GATA4	1
D18	SC-beta	92_NEUROD1	242
D18	SC-beta	93_NEUROD1	218
D18	SC-beta	95_NKX2-2	8
D18	SC-beta	96_PBX1	16
D18	SC-beta	97_PBX1	8
D18	SC-beta	98_RFX6	3
D18	SC-beta	99_RFX6	5
D18	SC-delta	102_MNX1	36
D18	SC-delta	103_MNX1	114
D18	SC-delta	107_TET1/2/3	3
D18	SC-delta	108_MNX1	20
D18	SC-delta	110_WT	20
D18	SC-delta	111_WT	13
D18	SC-delta	112_PDX1	4
D18	SC-delta	115_PDX1	4
D18	SC-delta	117_QSER1TET1	1
D18	SC-delta	118_QSER1TET1	8
D18	SC-delta	119_QSER1	1
D18	SC-delta	121_PROSER1	5
D18	SC-delta	122_TET1	5
D18	SC-delta	123_NANOGehet	2
D18	SC-delta	124_NANOGehet	4
D18	SC-delta	125_HHEXe	1
D18	SC-delta	127_HHEXe	1
D18	SC-delta	12_PAX6	15
D18	SC-delta	12_PAX6-alt1	2
D18	SC-delta	131_WT111	228
D18	SC-delta	144_WT4	17
D18	SC-delta	152_HNF4Ahet	2
D18	SC-delta	15_NKX2-2	33
D18	SC-delta	17_ARX	22
D18	SC-delta	30_FOXA2	1
D18	SC-delta	31_FOXA2	1
D18	SC-delta	33_FOXA1	23
D18	SC-delta	47_WT	41
D18	SC-delta	51_FOXA1	15
D18	SC-delta	56_FOXA1	7
D18	SC-delta	59_TADA2B	2
D18	SC-delta	5_PDX1	1
D18	SC-delta	63_BCOR	5
D18	SC-delta	64_KDM2B	1
D18	SC-delta	65_OTUD5	3
D18	SC-delta	66_OTUD5	6
D18	SC-delta	70_NGN3-alt1	2
D18	SC-delta	75_TLE3	28
D18	SC-delta	76_TLE3	6
D18	SC-delta	77_ONECUT1e	1
D18	SC-delta	79_ONECUT1e	6
D18	SC-delta	81_GATA6het	2
D18	SC-delta	84_GATA4het	1
D18	SC-delta	88_NKX2-2	5
D18	SC-delta	92_NEUROD1	6
D18	SC-delta	93_NEUROD1	13
D18	SC-delta	94_PAX6	4
D18	SC-delta	95_NKX2-2	3
D18	SC-delta	97_PBX1	3
D18	SC-delta	98_RFX6	2
D18	Ductal	102_MNX1	106
D18	Ductal	103_MNX1	325
D18	Ductal	107_TET1/2/3	90
D18	Ductal	108_MNX1	157
D18	Ductal	109_TET1/2/3	20
D18	Ductal	110_WT	413
D18	Ductal	111_WT	121
D18	Ductal	112_PDX1	120
D18	Ductal	115_PDX1	952
D18	Ductal	117_QSER1TET1	1
D18	Ductal	118_QSER1TET1	2
D18	Ductal	119_QSER1	31
D18	Ductal	120_QSER1	80
D18	Ductal	121_PROSER1	649
D18	Ductal	122_TET1	52
D18	Ductal	123_NANOGehet	100
D18	Ductal	124_NANOGehet	47
D18	Ductal	125_HHEXe	32
D18	Ductal	127_HHEXe	25
D18	Ductal	12_PAX6	27
D18	Ductal	12_PAX6-alt1	15
D18	Ductal	131_WT111	1866
D18	Ductal	144_WT4	1049
D18	Ductal	152_HNF4Ahet	125
D18	Ductal	153_HNF4A	125
D18	Ductal	15_NKX2-2	197
D18	Ductal	17_ARX	117
D18	Ductal	24_GATA6het	19
D18	Ductal	27_GATA4	9
D18	Ductal	30_FOXA2	33
D18	Ductal	31_FOXA2	23
D18	Ductal	33_FOXA1	104
D18	Ductal	37_RFX6	44
D18	Ductal	38_GLIS3	1
D18	Ductal	39_GLIS3	13
D18	Ductal	43_HHEX	1
D18	Ductal	44_HHEX	1
D18	Ductal	45_HHEX	2
D18	Ductal	47_WT	680
D18	Ductal	51_FOXA1	115
D18	Ductal	56_FOXA1	19
D18	Ductal	59_TADA2B	40
D18	Ductal	5_PDX1	85
D18	Ductal	63_BCOR	239
D18	Ductal	64_KDM2B	2
D18	Ductal	65_OTUD5	169
D18	Ductal	66_OTUD5	18
D18	Ductal	68_FOXA2	2
D18	Ductal	69_NGN3	106
D18	Ductal	70_NGN3	72
D18	Ductal	70_NGN3-alt1	179
D18	Ductal	71_GSC	33
D18	Ductal	72_GSC	15
D18	Ductal	73_BMPR1A	49
D18	Ductal	74_BMPR1A	153
D18	Ductal	75_TLE3	300
D18	Ductal	76_TLE3	43
D18	Ductal	77_ONECUT1e	22
D18	Ductal	78_ONECUT1e	11
D18	Ductal	79_ONECUT1e	89
D18	Ductal	80_GATA6het	43
D18	Ductal	81_GATA6het	71
D18	Ductal	82_GATA6	41
D18	Ductal	83_GATA6	15
D18	Ductal	84_GATA4het	114
D18	Ductal	85_GATA4het	183
D18	Ductal	86_GATA4	82
D18	Ductal	87_GATA4	97
D18	Ductal	88_NKX2-2	150
D18	Ductal	92_NEUROD1	132
D18	Ductal	93_NEUROD1	197
D18	Ductal	94_PAX6	107
D18	Ductal	95_NKX2-2	110
D18	Ductal	96_PBX1	13
D18	Ductal	97_PBX1	13
D18	Ductal	98_RFX6	165
D18	Ductal	99_RFX6	160
D18	Mesenchymal_Stromal	108_MNX1	1
D18	Mesenchymal_Stromal	131_WT111	25
D18	Mesenchymal_Stromal	144_WT4	50
D18	Stromal	102_MNX1	17
D18	Stromal	103_MNX1	74
D18	Stromal	107_TET1/2/3	1
D18	Stromal	108_MNX1	144
D18	Stromal	110_WT	42
D18	Stromal	111_WT	1
D18	Stromal	112_PDX1	5
D18	Stromal	115_PDX1	1
D18	Stromal	117_QSER1TET1	3
D18	Stromal	118_QSER1TET1	14
D18	Stromal	120_QSER1	16
D18	Stromal	121_PROSER1	5
D18	Stromal	122_TET1	15
D18	Stromal	123_NANOGehet	2
D18	Stromal	125_HHEXe	10
D18	Stromal	127_HHEXe	15
D18	Stromal	12_PAX6	2
D18	Stromal	12_PAX6-alt1	7
D18	Stromal	131_WT111	20
D18	Stromal	144_WT4	42
D18	Stromal	152_HNF4Ahet	12
D18	Stromal	153_HNF4A	26
D18	Stromal	15_NKX2-2	39
D18	Stromal	17_ARX	61
D18	Stromal	30_FOXA2	25
D18	Stromal	31_FOXA2	29
D18	Stromal	33_FOXA1	73
D18	Stromal	37_RFX6	2
D18	Stromal	39_GLIS3	2
D18	Stromal	43_HHEX	2
D18	Stromal	44_HHEX	1
D18	Stromal	45_HHEX	10
D18	Stromal	46_HHEXhet	2
D18	Stromal	47_WT	41
D18	Stromal	51_FOXA1	60
D18	Stromal	56_FOXA1	8
D18	Stromal	63_BCOR	13
D18	Stromal	65_OTUD5	20
D18	Stromal	67_FOXA2	5
D18	Stromal	68_FOXA2	3
D18	Stromal	69_NGN3	11
D18	Stromal	70_NGN3	14
D18	Stromal	70_NGN3-alt1	8
D18	Stromal	71_GSC	87
D18	Stromal	72_GSC	33
D18	Stromal	75_TLE3	35
D18	Stromal	76_TLE3	9
D18	Stromal	77_ONECUT1e	1
D18	Stromal	79_ONECUT1e	9
D18	Stromal	80_GATA6het	10
D18	Stromal	81_GATA6het	11
D18	Stromal	82_GATA6	13
D18	Stromal	83_GATA6	6
D18	Stromal	84_GATA4het	18
D18	Stromal	85_GATA4het	27
D18	Stromal	86_GATA4	7
D18	Stromal	87_GATA4	13
D18	Stromal	88_NKX2-2	14
D18	Stromal	92_NEUROD1	26
D18	Stromal	93_NEUROD1	20
D18	Stromal	94_PAX6	31
D18	Stromal	95_NKX2-2	13
D18	Stromal	96_PBX1	18
D18	Stromal	97_PBX1	10
D18	Stromal	98_RFX6	4
D18	Stromal	99_RFX6	14
D18	Endothelial	131_WT111	3
D18	Endothelial	144_WT4	4
D18	Liver	102_MNX1	4
D18	Liver	103_MNX1	6
D18	Liver	108_MNX1	3
D18	Liver	110_WT	14
D18	Liver	111_WT	3
D18	Liver	112_PDX1	4
D18	Liver	115_PDX1	12
D18	Liver	117_QSER1TET1	6
D18	Liver	118_QSER1TET1	10
D18	Liver	119_QSER1	11
D18	Liver	120_QSER1	1
D18	Liver	121_PROSER1	12
D18	Liver	122_TET1	5
D18	Liver	125_HHEXe	5
D18	Liver	127_HHEXe	1
D18	Liver	12_PAX6	2
D18	Liver	12_PAX6-alt1	1
D18	Liver	131_WT111	158
D18	Liver	144_WT4	168
D18	Liver	152_HNF4Ahet	2
D18	Liver	153_HNF4A	2
D18	Liver	15_NKX2-2	2
D18	Liver	17_ARX	15
D18	Liver	30_FOXA2	50
D18	Liver	31_FOXA2	26
D18	Liver	33_FOXA1	3
D18	Liver	37_RFX6	6
D18	Liver	43_HHEX	1
D18	Liver	45_HHEX	2
D18	Liver	46_HHEXhet	1
D18	Liver	47_WT	18
D18	Liver	51_FOXA1	5
D18	Liver	56_FOXA1	3
D18	Liver	59_TADA2B	3
D18	Liver	5_PDX1	1
D18	Liver	63_BCOR	8
D18	Liver	64_KDM2B	1
D18	Liver	65_OTUD5	1
D18	Liver	66_OTUD5	7
D18	Liver	67_FOXA2	10
D18	Liver	68_FOXA2	13
D18	Liver	69_NGN3	1
D18	Liver	70_NGN3	4
D18	Liver	70_NGN3-alt1	5
D18	Liver	71_GSC	3
D18	Liver	72_GSC	1
D18	Liver	75_TLE3	10
D18	Liver	79_ONECUT1e	1
D18	Liver	80_GATA6het	2
D18	Liver	81_GATA6het	2
D18	Liver	83_GATA6	1
D18	Liver	84_GATA4het	2
D18	Liver	85_GATA4het	1
D18	Liver	86_GATA4	2
D18	Liver	93_NEUROD1	7
D18	Liver	94_PAX6	4
D18	Liver	96_PBX1	1
D18	Liver	97_PBX1	1
D18	Liver	98_RFX6	10
D18	Liver	99_RFX6	6
